"Name","Calls","TotalDurationNs","AverageNs","Percentage"
"k1()",1,66641604,66641604,25.00343676422855
"k3()",1,66629604,66629604,24.998934453012108
"k4()",1,66629604,66629604,24.998934453012108
"k2()",1,66628964,66628964,24.99869432974723
