"Name","Calls","TotalDurationNs","AverageNs","Percentage"
"hipFree",1,266326046,266326046,53.39949665219604
"hipStreamCreate",1,231740699,231740699,46.46498855927922
"hipLaunchKernel",4,660140,165035,0.13236085711264114
"hipMalloc",1,11340,11340,0.002273717877506818
"__hipPushCallConfiguration",4,2540,635,0.0005092807238860068
"__hipPopCallConfiguration",4,1850,462,0.00037093281070437503
