"Name","Calls","TotalDurationNs","AverageNs","Percentage"
"<barrier packet>",1,66736632,66736632,33.36826861705856
"k1(int*)",1,66631986,66631986,33.315945691357115
"k2(int*)",1,66631666,66631666,33.31578569158432
