"Name","Calls","TotalDurationNs","AverageNs","Percentage"
"hipStreamCreate",2,271350065,135675032,80.15574397637039
"hipFree",1,66657321,66657321,19.690310950272806
"hipLaunchKernel",2,501917,250958,0.1482643114509219
"hipMalloc",1,15161,15161,0.004478499883262425
"__hipPushCallConfiguration",2,2520,1260,0.0007443981073689936
"__hipPopCallConfiguration",2,1550,775,0.0004578639152468016
