"Name","Calls","TotalDurationNs","AverageNs","Percentage"
"k1()",1,66631152,66631152,25.000810270393927
"k3()",1,66628912,66628912,24.99996979543102
"k4()",1,66628593,66628593,24.999850102791214
"k2()",1,66627313,66627313,24.999369831383838
