"Name","Calls","TotalDurationNs","AverageNs","Percentage"
"hipFree",1,265939875,265939875,52.104855221995265
"hipStreamCreate",1,243790626,243790626,47.76521487125462
"hipLaunchKernel",4,609970,152492,0.11950971451633739
"hipMalloc",1,22519,22519,0.004412084629069301
"__hipPushCallConfiguration",4,18613,4653,0.003646792983741148
"__hipPopCallConfiguration",4,12052,3013,0.002361314620966438
