"Name","Calls","TotalDurationNs","AverageNs","Percentage"
"k1()",1,66632754,66632754,25.000675267981773
"k3()",1,66630514,66630514,24.999834817764146
"k4()",1,66630514,66630514,24.999834817764146
"k2()",1,66630035,66630035,24.99965509648993
