"Name","Calls","TotalDurationNs","AverageNs","Percentage"
"k1()",1,66636322,66636322,50.00060028043301
"k2()",1,66634722,66634722,49.99939971956699
