"Name","Calls","TotalDurationNs","AverageNs","Percentage"
"hipFree",1,266051127,266051127,48.77910854616042
"hipStreamCreate",1,252625264,252625264,46.31754547748423
"hipLaunchKernel",4,26724736,6681184,4.89984317266764
"hipMalloc",1,12541,12541,0.002299327979457865
"__hipPushCallConfiguration",4,3850,962,0.0007058777386901189
"__hipPopCallConfiguration",4,2714,678,0.0004975979695597357
