"Name","Calls","TotalDurationNs","AverageNs","Percentage"
"k1()",1,66630581,66630581,50.00048026457055
"k2()",1,66629301,66629301,49.99951973542945
