"Name","Calls","TotalDurationNs","AverageNs","Percentage"
"hipStreamCreate",4,265018795,66254698,79.67741503908276
"hipDeviceSynchronize",1,66644480,66644480,20.03654077826386
"hipLaunchKernel",2,917816,458908,0.2759396983957714
"hipMalloc",1,17180,17180,0.0051651355156582075
"hipFree",1,11679,11679,0.0035112699468784754
"__hipPushCallConfiguration",2,1940,970,0.0005832574447250828
"hipSetDevice",1,1740,1740,0.0005231278112482701
"__hipPopCallConfiguration",2,1070,535,0.00032169353910094776
