"Name","Calls","TotalDurationNs","AverageNs","Percentage"
"k2()",1,199884875,199884875,60.025467979498664
"k1()",1,66628903,66628903,20.008672910021943
"<barrier packet>",1,66486333,66486333,19.965859110479396
